"","descripteur1","descripteur2","descripteur4","descripteur5","descripteur6","descripteur7","descripteur9","descripteur11","descripteur12","descripteur14","descripteur15","descripteur16","descripteur17","descripteur18","descripteur20","descripteur21","descripteur23","descripteur25","descripteur26","descripteur27","descripteur28","descripteur29","descripteur32","descripteur33","descripteur34","descripteur35","descripteur36","descripteur37","descripteur38","descripteur39","descripteur40","descripteur41","descripteur42","descripteur43","descripteur47","descripteur48","descripteur51","descripteur53","descripteur55","descripteur56","descripteur57","descripteur58","descripteur60","descripteur62","descripteur63","descripteur67","descripteur68","descripteur71","descripteur72","descripteur74"
"molecule8","-61.127716","144.842879","-2.40008831","-0.21926936","-0.11164904","0.10762032","-0.03443226","541.13262358","930.18471519","2","-1.4382","-1.2162","28.401596","2.327949","30","6.679999","5.951738","3.625897","1.321367","1.896282","1.138071","0.411866","64","254.655457","161.477753","25.793194","0","102.29655911","1.11542362","843.29700521","2.67933336","157.63255631","42.08518206","15.07272254","0.77350427","10.36881652","3.04959852","105.81562594","28.252492","-293.467565","650.277217","41.907416","0.144487","46.1598","103.490271","-15.619587","0.206958","3.492009","240.45107","0.170982"
"molecule13","-12.838433","124.556276","-2.3073302","-0.22583804","-0.17102368","0.05481436","-0.02238516","488.49913323","860.90958643","2","2.013","0.6879999999999999","31.329199","1.079075","36","4.966628","0.920311","3.80453","2.540336","2.235599","1.446735","0.849162","86.43856","363.828613","137.561432","17.509775","0","95.05641883","1.13717725","444.58540496","2.08154947","56.1522335","36.8135107","18.64371482","0.75308642","7.18410716","2.18867481","97.08096073","-23.02447","-193.852916","355.872592","21.320154","0.082896","30.11271","41.669968","-11.528331","0.28046","13.494468","104.120224","0.595163"
"molecule20","-98.44896","177.073657","-3.45391014","-0.19954222","-0.07981496","0.11972726","-0.03037465","646.59979891","1217.598","3","0.7863","1.0859","39.84901","2.02666","52","7.911938","1.634581","5.109061","3.35416","3.139372","2.257638","1.36061","147.206711","801.52063","309.260223","27.955736","0","137.26075681","1.10846683","1122.719","2.76259426","280.74078115","51.35294731","24.34292204","0.67810458","10.15754667","2.1475215","143.00863829","72.877651","-319.238812","818.129948","41.617948","0.125411","67.15551000000001","165.558479","-18.559482","0.142376","4.341823","163.87986","0.506167"
"molecule25","-135.433565","165.307315","-3.1731471","-0.19902881","-0.07904693","0.11998188","-0.03181072","609.47604066","1142.403","4","1.1762","0.9758","36.204605","1.998416","52","7.872355","1.429259","5.125897","3.402863","2.868962","1.976417","1.234335","147.206711","804.594482","288.568665","26.325609","0","128.8398678","1.19622132","918.12158536","2.52400299","125.30119054","47.95798863","26.23842448","0.63589744","8.867890109999999","1.75262376","133.0157302","3.968942","-411.925017","834.528471","39.214145","0.126425","48.720104","131.08144","-21.391071","0.240847","4.503316","195.675717","0.369146"
"molecule28","-98.51842600000001","171.541085","-3.2841561","-0.18476276","-0.06852871000000001","0.11623406","-0.03554739","634.3005970299999","1176.371","3","0.6774","0.4712","39.210903","1.887759","52","7.71406","1.543833","5.109061","3.35416","2.928046","2.081739","1.252197","147.206711","801.52063","309.260223","31.000793","0","131.92578839","1.16078136","1136.003","2.77512","266.83806106","52.93473805","19.83879578","0.77358491","10.53450258","3.09833597","134.91692146","67.133768","-350.075044","883.156739","50.028918","0.154422","63.354848","172.705316","-18.470683","0.230631","3.346083","220.06854","0.320724"
"molecule29","-133.113347","209.569249","-4.08780493","-0.20668252","-0.08391849","0.12276403","-0.02918492","749.71419669","1435.572","4","1.0492","0.904","45.571915","3.572362","58","9.854962","2.623252","6.253219","3.921746","3.814108","2.376675","1.448407","160","1196.203","494.141846","34.29332","-0.285215","163.07467177","1.11712624","1967.855","3.31841467","490.93136178","59.65274507","26.2304166","0.59916368","12.36139735","2.36684511","169.13772018","114.0627","-399.613382","1135.223","50.261123","0.130413","96.246875","283.504794","-22.030374","0.204746","7.653498","162.059059","0.579505"
"molecule45","-233.575502","231.38405","-4.02376902","-0.2443869","-0.12997619","0.11441072","-0.0486757","821.6589997999999","1636.373","7","0.4821","0.4224","50.197304","3.192974","80","12.459494","2.71232","7.23107","4.892443","5.253591","4.214299","2.599361","268.078186","1978.411","733.527832","38.946236","0","182.44390406","1.34939557","2936.176","3.12382611","389.04653526","64.01545692000001","30.47437272","0.67305236","11.51685401","2.17872006","190.23864857","-124.959467","-885.159667","1352.767","43.666036","0.10786","56.652845","189.305482","-37.823523","0.198653","2.87448","323.058459","0.202006"
"molecule46","-118.387785","222.041197","-4.36228122","-0.22338073","-0.1028197","0.12056103","-0.0232854","794.58807176","1542.868","4","1.5068","1.5408","49.113022","3.501798","64","10.560127","2.25664","6.701908","4.624563","3.960343","2.528747","1.737682","186.117294","1440.021","539.837036","35.600536","0","174.42141925","1.11331507","1757.143","3.37598373","255.11519932","63.75841072","29.08488265","0.68361582","11.62659088","2.43609364","181.45950123","119.639658","-392.515894","1113.957","39.296789","0.096986","106.322492","292.312426","-17.861737","0.226312","2.244968","79.00647499999999","0.8050079999999999"
"molecule49","9.842487999999999","149.796189","-2.43540287","-0.20343417","-0.07176025","0.13167392","-0.01938258","557.52602111","976.90978391","4","1.4768","-0.0538","29.1842","2.98208","30","7.260001","2.236186","3.718744","2.259306","2.097214","1.37082","0.823607","64","257.075531","152.697037","28","0","109.96303104","1.05599124","718.26031728","2.53789489","180.02493117","41.59843298","21.91406328","0.67545455","9.83848405","2.28025518","114.67903714","123.630525","-181.568212","617.077047","46.839511","0.15592","63.692306","130.830367","-10.913635","0.172533","7.020467","143.340632","0.522847"
"molecule54","53.105837","144.21694","-2.69912837","-0.14521596","-0.02797142","0.11724454","-0.01779346","537.48962056","959.88788156","1","0.8846000000000001","1.1057","34.058403","1.491458","34","5.123267","1.224022","3.931852","2.302095","2.449359","1.510363","0.940456","75.05864699999999","362.459229","150.128601","22.490225","0","108.03367387","1.0010212","568.03130243","2.49235262","160.22140659","42.2806003","18.62514812","0.70416667","9.52719076","2.46129037","112.0345175","110.869577","-136.390223","440.291232","33.202841","0.113929","58.622877","88.567443","-5.588066","0.163357","5.926543","106.695019","0.633898"
"molecule57","-23.818815","176.389069","-3.34282012","-0.20197776","-0.06612274","0.13585502","-0.03471248","651.45562288","1209.763","3","0.583","0.0983","40.816803","2.199038","50","7.71406","1.543833","5.253219","3.552678","3.043756","1.990611","1.27977","134.605942","801.588806","310.151489","33.059139","0","135.87851112","1.11977233","1109.681","2.84291736","219.06315801","50.49969141","24.5272877","0.67471698","10.40170552","2.15729102","140.55444488","79.454133","-316.321369","828.316289","43.312224","0.128754","69.945233","172.233141","-15.873947","0.20675","7.843471","188.555763","0.439483"
"molecule61","-133.906068","251.606115","-4.64650586","-0.22823155","-0.10214869","0.12608286","-0.05210368","909.80635238","1778.059","7","-0.8495","-0.268099","50.605812","3.16817","92","12.330159","2.437628","8.486072","6.427375","5.102657","3.596284","2.343179","310.763916","2951.875","1006.452","48.030624","-0.247267","198.70721952","1.28918313","3847.54","4.03233399","273.68469828","67.98376591","23.99098377","0.68886338","13.37131853","2.65002179","208.11655507","5.568468","-950.113431","1924.114","50.496121","0.112684","101.653343","436.46896","-38.621434","0.240049","1.435825","249.794477","0.442572"
"molecule63","-98.742361","98.118109","-1.05728616","-0.25249397","-0.07241014","0.18008383","-0.03484649","379.26628419","610.20658862","4","-1.2217","-1.2346","15.3062","0.901068","20","4.869999","0","2","0","2.254829","1.544916","0","43.01955","57.359402","37.467213","14.490225","0","66.37506002000001","1.46271808","201.42087668","1.67746819","42.96274433","21.98715196","19.15884625","0.61160714","6.35906773","1.17509296","70.03692688","-73.796121","-158.367423","238.023903","21.695754","0.09722","16.666274","17.776248","-7.979826","0.335927","13.297173","128.871697","0.422518"
"molecule68","3.774906","126.812296","-2.33106461","-0.1752132","-0.01170151","0.16351169","-0.01134363","482.65934468","840.87335824","2","0.0429","0.1177","24.6532","1.129707","30","4.400257","0.810153","3.431852","2.052095","2.15697","1.283488","0.781286","64","257.395782","106.166328","22.041843","0.493056","93.71320862","1.03632134","398.90571156","2.2032422","118.96800908","33.80415852","19.45117165","0.60740741","7.99130457","1.49186149","95.79882551999999","124.198851","-111.028142","417.396237","30.807161","0.116085","51.694586","81.305245","-7.56213","0.188263","8.888123999999999","89.870527","0.661357"
"molecule72","-33.986384","179.958023","-3.04710411","-0.18999649","-0.08805467","0.10194182","-0.01542014","670.73009016","1258.93","3","0.8628","1.3446","38.590515","2.450354","44","7.279051","2.542243","4.787694","2.62701","3.931243","3.011886","1.833174","110.039101","627.211487","271.346619","29.407166","0.641204","137.20534116","1.13843235","1401.611","3.04602853","279.16062783","47.29312792","21.45605246","0.6377551","11.01624564","2.03847102","140.91243059","72.204644","-266.825267","674.846716","29.154948","0.084482","72.006631","140.808967","-16.702686","0.226234","5.673755","115.918887","0.664102"
"molecule76","-22.692204","142.074055","-2.63762083","-0.20115225","-0.06062382","0.14052843","-0.02103084","526.79897959","942.11174128","2","0.1299","-0.6245000000000001","29.367399","1.281595","36","5.280056","1.309285","3.787694","2.30453","2.608444","1.882057","1.085328","86.43856","362.694489","146.258469","26.39036","1.403935","106.55909808","1.05229868","550.9197708200001","2.28705007","123.83737585","38.06042106","20.78444836","0.63804714","8.793373470000001","1.68109437","110.17871816","112.688732","-160.899128","531.892489","32.436871","0.11369","56.776085","105.847656","-9.570209","0.265676","12.29515","119.540099","0.5810149999999999"
"molecule79","-85.934591","183.98205","-3.21813836","-0.24227182","-0.08116769","0.16110413","-0.01960169","675.21913252","1284.133","3","1.462801","1.2019","41.162815","2.261034","52","8.228717","1.783944","5.165832","3.621574","4.431304","3.64683","2.539644","147.206711","800.3452150000001","308.930634","32.304253","0","143.27075808","1.2019061","1231.583","2.98840543","223.28063877","50.53056465","23.83928349","0.64060357","10.65963816","1.98932222","148.49196266","51.058017","-218.841876","513.975317","26.882359","0.078169","67.913556","101.49681","-11.143806","0.202476","4.076343","88.213886","0.743491"
"molecule88","-99.106354","233.746601","-4.4814858","-0.18334891","-0.09327924","0.09006968","-0.04078378","833.51416278","1693.736","4","1.0199","1.0826","59.525208","2.341055","86","10.873562","1.767953","7.409703","5.702689","5.827078","4.718113","3.197945","296.422852","2293.722","683.037048","46.347797","0","189.91262945","1.25976349","2322.122","3.16686701","314.89057771","68.21973242999999","33.24469096","0.60767729","10.49993725","1.85901091","197.41553434","13.769821","-528.437834","1094.224","45.429822","0.112609","84.155517","228.255009","-24.364117","0.141393","6.797031","251.933135","0.375522"
"molecule90","-86.64966","180.526774","-3.0589789","-0.19434802","-0.07018645","0.12416157","-0.03670429","661.44700066","1250.956","3","0.3021","0.4162","41.380905","1.839244","54","8.030704999999999","1.92397","4.999019","3.240601","4.270137","3.465639","2.045843","160","798.846985","315.299988","35.142502","0","138.57370461","1.24977534","1399.908","2.77101963","218.39826985","48.92787017","23.7815668","0.61428571","9.83229429","1.8107099","143.88234277","-9.662901","-330.267491","642.042243","34.423248","0.102515","54.754156","104.689946","-15.392984","0.179916","4.416103","205.964143","0.386623"
"molecule93","31.93123","137.500867","-1.42695377","-0.21213317","-0.11190483","0.10022834","-0.11661123","500.86161052","870.46348223","4","0.5451","-1.9378","14.686599","0.901068","20","4.869999","0","2","0","2.207107","1.478398","0","43.01955","57.359402","37.467213","12.896597","0","94.56948645999999","1.20672116","460.80496156","2.11490472","108.39392051","31.1495095","23.41110103","0.66358284","8.061641059999999","1.42816801","100.49510096","-106.147569","-169.683893","216.312872","16.581738","0.07041799999999999","15.226675","10.979955","-8.242877999999999","0.364305","5.006035","130.685988","0.445011"
"molecule100","-138.703672","236.978825","-4.40126961","-0.19521419","0.03469437","0.22990856","-0.0196731","811.1160697399999","1519.84","3","0.612501","0.708902","44.221523","9.772218000000001","38","10.88","9.880000000000001","5.414213","2.207107","4.178035","2.301905","1.249862","75.05864699999999","622.780518","394.579926","37.067913","4.826244","173.34950246","0.93584922","2514.265","3.74553617","482.11900788","56.87788461","25.13172183","0.73268921","13.71033104","2.54688258","182.40196993","287.512346","-182.711652","1171.995","52.102791","0.124712","147.330421","413.30603","-15.736213","0.114783","6.848309","86.497648","0.792961"
"molecule104","1.061149","369.50596","-8.07225354","-0.12256881","0.02543179","0.14800061","-0.06334753","1186.898","2617.39","0","4.511601","4.280099","78.279625","11.047404","68","16.959997","7.806973","8.24264","4.24264","8.093339","5.650281","3.944036","186.117294","1977.377","886.603088","53.462482","16.769913","308.80981023","0.8402517900000001","3314.216","3.66193505","792.30817619","75.94038852","67.31635446999999","0.54964208","12.42328607","1.22472168","328.58502767","488.80833","-173.347465","2815.778","75.472054","0.134006","296.244255","1488.213","-8.292393000000001","0.039454","0.703346","36.95351","0.934386"
"molecule109","-306.739354","413.12676","-8.22582749","-0.20935733","-0.01131544","0.19804189","-0.03648482","1338.628","2824.909","7","1.018702","0.967402","81.075699","9.610647","104","20.274982","6.700307","11.006438","7.356438","8.139116","5.689857","3.829174","339.762909","4592.438","2005.909","77.286575","5.726159","321.72624315","1.04249187","10517.57","5.37008898","1465.762","91.98565701","40.68873744","0.58141321","18.54559536","2.47259856","342.93924617","376.875869","-890.441075","4375.157","94.480919","0.148653","321.747008","2214.81","-44.881501","0.107384","0.752104","204.740854","0.677867"
"molecule112","-40.769494","97.885169","-1.56777276","-0.19072851","0.0362432","0.22697171","-0.01890975","365.98469742","579.35925057","2","-1.0559","-1.187","16.2111","2.861601","10","3.92","4.006956","1.914214","0.5","1.224476","0.512282","0.129099","8","22.5","30.490225","16.402264","0.472222","65.81864155","0.92806533","152.43293253","1.73270517","57.44113048","22.22734106","16.54437686","0.66891134","6.49675892","1.33959965","69.26325327000001","126.851583","-62.042776","294.569463","32.369511","0.147691","37.918852","50.962938","-5.965517","0.249033","14.502285","120.269689","0.45125"
"molecule114","-146.054996","206.425886","-3.78898193","-0.23433745","-0.05838865","0.17594881","-0.01490037","712.22418762","1327.217","3","1.0531","1.161999","37.481503","5.1601","38","9.59","5.144968","4.680739","2.40109","3.528255","2.197024","1.083323","86.43856","481.250854","286.371643","32.329758","2.269626","150.5852845","0.97078541","1620.786","3.31830163","424.16262767","47.76817984","23.88938328","0.6922619","11.94224059","2.20440333","158.84062994","208.328413","-266.672543","1201.725","50.824574","0.135689","109.166966","350.240376","-17.522377","0.198142","6.336261","104.87654","0.720006"
"molecule122","-121.400824","151.992048","-2.48919382","-0.21152079","-0.00679948","0.20472131","-0.03631931","544.95086795","946.98588405","3","-0.9621","-1.7445","25.139601","3.910957","28","7.19","4.19","3.808061","1.562949","2.043686","0.998905","0.479228","53.302967","255.093582","167.155228","28.490225","-0.849537","106.68320381","1.12583794","802.32812539","2.62110659","182.91342497","38.35084444","19.91439845","0.65464744","9.45925027","1.81941036","112.02777652","108.933879","-244.907373","774.743731","45.494662","0.153602","59.995505","156.930243","-15.609905","0.250832","8.303397","192.178679","0.351156"
"molecule126","-283.254121","458.083133","-9.18200446","-0.18823869","-0.02628297","0.16195572","-0.05584372","1423.802","3126.082","6","0.929503","0.857803","91.23555","13.136211","102","23.270002","10.008383","11.344642","7.246425","8.917351999999999","6.444036","4.206289","325.211884","4590.984","2251.59","82.55439","7.293989","356.9554784","0.97902403","11128.26","5.22293158","2172.332","94.57827748","51.51257039","0.68458568","18.10276664","2.46823823","383.38868834","385.408301","-966.507022","4603.96","88.995212","0.133959","348.700491","2416.529","-51.195484","0.068383","0.76761","224.274722","0.662413"
"molecule127","-14.60328","195.322211","-3.38266182","-0.24459214","-0.08521815000000001","0.15937399","-0.03144405","708.32523007","1401.998","3","1.0709","1.0866","44.876514","2.459012","56","8.753807999999999","2.069734","5.665832","3.604681","4.966241","4.219827","2.85643","160","987.7238160000001","391.35199","35.059139","-0.461296","152.11133483","1.19129188","1261.063","2.73967586","183.31987243","46.74915702","33.09537853","0.688125","9.840627509999999","1.56375821","160.17649695","-11.134361","-260.992963","506.151709","25.284204","0.07088","61.6388","87.453129","-13.836656","0.159853","7.48075","144.542782","0.594801"
"molecule128","-48.154975","135.718389","-1.86503545","-0.25762264","-0.05503064","0.202592","-0.03385355","505.31695388","905.46679469","3","-0.984","-0.49","24.8736","1.782407","28","6.44","5.44","3.06066","1","3.66793","3.368383","0.9802149999999999","64","171.117706","108.939972","24.655022","-0.381944","96.79711036","1.2308012","481.28301732","2.04619092","146.6544512","31.97269518","24.06378707","0.6","7.95107523","1.31844949","102.19245689","-19.421125","-137.749336","257.298828","19.719187","0.071712","35.136251","32.873477","-8.956286","0.2469","11.388544","154.68686","0.437457"
"molecule132","-121.312755","232.150307","-4.13916744","-0.24312638","-0.09485831","0.14826808","-0.03550408","829.85330694","1638.709","4","0.7651","1.063101","50.666317","3.375324","66","10.878125","2.915703","6.559679","4.281828","5.559131","4.637846","3.244005","199.421249","1431.253","569.6936040000001","40.290493","-0.617546","180.84225966","1.18465118","2384.383","3.55158065","344.01424345","61.33166692","27.85721913","0.60848806","12.95314998","2.28435809","190.53906025","58.738148","-388.883305","908.300397","33.561147","0.08211300000000001","95.53013","212.296607","-18.333605","0.304324","2.501279","113.643706","0.721953"
"molecule141","-53.008835","177.220441","-3.44525243","-0.19749863","-0.08216221","0.11533642","-0.01922961","639.79649023","1205.348","2","-0.005399","-0.035","38.056614","2.450354","44","7.279051","1.82874","4.842535","3.098518","3.33446","2.141783","1.497378","110.039101","632.536377","257.278198","32.533432","2.703241","137.05469041","1.03002675","1016.851","2.7170885","182.67729681","48.05344468","24.5992689","0.605","9.86491676","1.79310563","143.17424421","145.858936","-179.540712","641.001571","31.595045","0.09526","79.191334","153.053092","-12.220152","0.246029","6.32348","87.592355","0.7359059999999999"
"molecule151","-28.136338","223.299111","-3.97668242","-0.18970065","-0.11549883","0.07420182","-0.11472483","788.02458007","1562.079","3","1.9815","-0.454299","47.21661","3.385943","60","10.14292","4.592413","6.078299","3.263894","5.531984","4.252277","2.376631","172.97374","1190.005","514.4885860000001","43.230465","0.622736","173.29486835","1.16125769","2590.738","3.10605579","504.90384047","58.20742222","26.33292791","0.59472656","12.71434831","2.04775629","183.0107505","56.398257","-285.181183","667.733956","27.015307","0.069851","85.696217","147.954519","-12.49089","0.121518","0.141986","131.138424","0.660927"
"molecule155","-52.687802","96.044301","-1.58000864","-0.20597988","-0.0539473","0.15203258","-0.01207319","364.81333058","579.64216118","1","0.3793","-0.103999","16.194799","0.958358","12","3.67","0","1.732051","0","1.204124","0.9082480000000001","0","15.509775","23.264662","24.98045","12.954618","0","65.07381796","0.89252484","128.1859177","1.73954957","37.45098876","22.78359553","16.65253183","0.73278237","6.43957516","1.52955068","67.840295","94.579421","-68.39098300000001","240.623718","21.315601","0.097243","34.389841","37.753167","-5.749007","0.298962","19.037849","67.140094","0.693702"
"molecule158","19.858371","120.182422","-1.82669397","-0.17882268","-0.03135107","0.14747161","-0.02416164","472.21768803","819.09544708","1","0.4121","0.08740000000000001","28.957899","0.919296","26","3.865747","0.818376","2.893847","1.643847","2.319479","1.590926","0.984789","53.302967","172.926315","66.285004","20.754887","1.969907","88.56718988999999","1.15341811","392.91195609","1.90576474","110.81131533","30.88939059","19.50458804","0.71744472","7.32138664","1.73530621","91.41790603","72.45861600000001","-141.857577","393.499323","31.350312","0.120698","43.14314","65.361857","-7.629282","0.309703","1.780816","147.095995","0.433684"
"molecule164","38.192409","245.963455","-5.16367573","-0.18044955","-0.04821041","0.13223914","-0.02082075","903.41230092","1778.059","2","4.065401","2.8357","64.50691999999999","3.306951","76","10.389906","3.202089","7.843338","4.920894","4.992187","3.261984","2.021125","226.477325","2266.489","830.141296","41.480671","0","199.63374674","1.06320699","3032.003","3.75450695","471.09450063","70.14695887000001","28.57687179","0.69230769","13.41273085","2.59340807","205.87287382","120.710752","-412.02096","1132.711","41.414447","0.09349300000000001","124.845414","319.242208","-15.670864","0.214383","7.059553","81.95511999999999","0.814986"
"molecule167","1.125962","110.938909","-1.70557104","-0.23848203","-0.04788229","0.19059974","-0.02475352","437.4021243","725.51064056","3","0.2005","-0.4597","20.024199","2.016186","20","5.119999","4.591698","2.770056","0.866025","1.40432","0.781585","0.246502","33.21928","104.378075","80.659187","18.464394","-0.180555","77.76539377","1.08117499","333.7209403","1.90235605","103.95257071","28.59301127","19.74786472","0.5990384600000001","7.83747511","1.52000684","79.92218086","4.547931","-175.899353","358.513203","27.898551","0.115096","29.928718","44.264574","-10.828598","0.2833","12.848194","193.31054","0.202496"
"molecule168","-72.13893899999999","125.076471","-1.96355928","-0.2043922","-0.03731373","0.16707847","-0.05311818","474.60618477","790.65431996","2","-1.577","-1.0676","21.385197","1.650105","26","5.739999","4.739999","3.125897","0.942809","1.485599","0.853502","0.2464","53.302967","171.149887","111.146782","22.655022","0","87.31493620000001","1.18056547","496.90433892","2.34481569","90.09512968","36.40148479","13.86159721","0.7517730500000001","9.205500130000001","2.70746644","90.98706704","44.794275","-264.210282","637.712247","45.557853","0.174323","40.003227","97.611874","-12.591045","0.255973","3.512398","244.86225","0.063059"
"molecule173","-35.694956","118.621397","-1.41983746","-0.21880278","-0.08299958","0.1358032","-0.02736332","449.24075772","764.47717217","3","-0.7933","-0.8811","15.2293","1.753259","22","5.58","2.58","2.642735","1.333333","2.19877","1.551545","0.5643820000000001","43.01955","105.898155","70.36869","21.21928","0","82.16100864000001","1.31589183","348.34551159","2.03388276","82.93853881","27.77429337","21.7673945","0.66024341","6.69371806","1.16559548","85.64343447","-20.581323","-230.309352","425.654299","35.072442","0.140028","28.789273","48.927369","-10.908518","0.311209","3.82179","230.90717","0.07809199999999999"
"molecule175","-64.79576400000001","108.805638","-1.35923432","-0.2527495","-0.01026222","0.24248727","-0.03655496","410.72737706","685.79637986","3","-1.4886","-1.0414","18.212997","0.9308920000000001","20","4.909999","0","2","0","2.931852","2.488581","0","43.01955","57.359402","37.467213","19.60964","0","75.1129342","1.26630655","207.53179424","1.79436976","52.30684056","21.54264476","20.98743513","0.64069264","6.55855461","1.2258205","79.24243541","-0.8955920000000001","-107.802806","214.794117","21.41182","0.090325","27.991014","25.362658","-6.313073","0.269065","8.460418000000001","157.765985","0.334471"
"molecule178","-35.324877","112.031754","-1.84673218","-0.19989251","-0.03612034","0.16377218","-0.01653353","418.96630644","699.91555718","1","-0.744099","-0.4991","20.187302","1.571817","16","4.470001","3.47","2.270056","0.816497","1.388328","1.069021","0.210819","24","56","48.486763","18.613178","0","78.39225171","0.93242632","224.46060547","1.90420975","70.00176676","28.20419023","19.03362607","0.6994949499999999","7.19828013","1.70960447","81.43397435","115.600302","-84.170801","322.517724","27.714243","0.114606","43.216226","57.63748","-6.327291","0.300592","16.102692","68.907374","0.715049"
"molecule185","17.775564","101.391546","-1.26866903","-0.20669821","-0.06737216","0.13932605","-0.01387087","402.61904733","666.37500416","2","0.2444","0.452","21.114599","1.20203","12","3.89","0","1.732051","0","1.42082","1.256231","0","15.509775","23.264662","24.98045","14.919684","0","69.88494024000001","1.07503849","197.0337724","1.76323494","59.34747495","24.87587188","17.94348624","0.703125","6.32692448","1.35975414","72.26942518","39.271948","-103.827026","251.084899","23.172042","0.102061","30.232036","33.433609","-7.821597","0.227869","11.0931","124.423005","0.451981"
"molecule190","-68.374045","136.314564","-2.28215931","-0.21077195","-0.06814858","0.14262337","-0.02429217","500.78761217","879.78166571","3","0.4102","-0.6083","24.595999","2.222155","26","6.300001","5.300001","3.125897","0.942809","1.884838","1.325486","0.416391","53.302967","171.149887","111.146782","23.651484","-0.138889","96.42505505","1.04853451","450.02728077","2.23564183","87.83805458","32.74606735","21.90444948","0.68925023","8.008692780000001","1.53415062","100.33115389","66.910656","-204.754867","541.197336","32.817019","0.119318","47.024182","92.53418499999999","-13.3927","0.227005","7.568082","165.729599","0.397428"
"molecule192","-167.248816","283.212465","-5.33264983","-0.20512574","-0.08609592000000001","0.11902982","-0.04552253","910.7174556799999","1940.315","4","-1.754001","-0.4048","55.888031","5.348729","70","14.279999","4.57606","7.268632","4.258552","4.843379","3.379348","2.067656","212.877121","1689.043","754.5225830000001","52.78072","0.063148","216.09421625","1.05624296","2758.765","3.23187348","379.63768832","72.51645245","36.33453702","0.69706633","11.16444021","2.00337168","229.86152671","105.096387","-671.9857510000001","1769.612","41.860692","0.095804","118.419278","479.598076","-30.013113","0.123086","3.206919","176.308035","0.596495"
"molecule196","-32.27255","217.372854","-4.18646719","-0.18995515","0.04433701","0.23429217","-0.008929919999999999","727.39152451","1384.02","1","2.179801","2.505899","42.196007","7.924623","30","8.960000000000001","7.96","4.414214","1.707107","4.115355","2.556442","1.557678","53.302967","356.32782","241.946945","29.895315","8.917733999999999","159.37124351","0.81098067","1497.826","3.20638927","345.06235056","50.05782405","26.66390522","0.74325173","11.66079083","2.18060549","169.48487578","321.393785","-91.106516","1132.732","56.091446","0.146452","134.892603","398.944874","-6.190046","0.079391","3.809081","83.01608899999999","0.783249"
"molecule211","-154.136148","207.93375","-3.7380719","-0.18055888","-0.0624821","0.11807679","-0.04361772","697.14961839","1372.733","5","-1.1875","-1.2772","38.65731","5.957229","42","10.51","5.93061","5.201908","2.198585","3.362423","2.1171","1.191323","98.10749800000001","631.264893","332.817322","38.423607","0.251389","154.62114844","1.0553084","1311.148","2.67382762","290.06627782","45.55494217","32.62405064","0.694","9.8321463","1.6523201","164.90784446","106.472388","-372.732188","1060.667","49.176929","0.13725","83.264568","246.488101","-25.021921","0.210046","6.896973","220.619192","0.384264"
"molecule216","-102.458967","148.127825","-2.46569791","-0.21243676","-0.05916699","0.15326977","-0.03811823","547.95608745","950.71199942","4","-0.2081","-0.8318990000000001","25.682098","2.98208","30","7.260001","6.494743","3.625897","1.321367","2.044726","1.25718","0.443142","64","254.655457","161.477753","26.196987","-0.358796","105.78619327","1.10698754","800.07326326","2.44090778","184.21031981","37.44815569","20.99701697","0.71391304","9.026630519999999","1.83879097","110.72627612","33.289133","-309.593883","697.753648","36.716336","0.124214","48.606736","114.736201","-19.196849","0.2785","8.355385","194.920713","0.340571"
"molecule224","-260.335532","195.293438","-3.80456675","-0.21182982","-0.008839659999999999","0.20299015","-0.04437311","643.4357589","1324.386","6","-2.235","-3.0642","35.775002","2.666012","60","9.845034999999999","1.478124","5.464102","4.976068","3.549193","2.943555","2.099462","186.117294","996.586304","341.267029","36","0","151.97271669","1.1854496","1052.965","2.36058749","125.78069992","41.52202794","34.5652849","0.66017316","8.257234199999999","1.25714374","161.37102465","24.81486","-581.13849","1256.873","49.502631","0.150218","58.386544","222.68044","-32.056175","0.095073","5.230795","297.794285","0.096329"
"molecule226","-291.279558","338.129532","-6.4125851","-0.22186082","-0.07168322000000001","0.1501776","-0.03203765","1068.188","2305.713","7","-0.09959999999999999","0.404401","64.175224","8.329907","82","17.85","6.53245","8.890395","5.103909","6.099911","3.715651","2.139611","254.083847","2608.781","1155.221","57.021091","-1.07137","258.23188904","1.06991044","3694.738","3.94469758","746.7190598","74.63133535","47.05025344","0.65505804","13.39281397","1.90509065","277.58620205","286.041373","-600.174468","2670.361","62.24986","0.119802","209.308347","1075.677","-29.688689","0.122295","1.225685","135.400246","0.739417"
"molecule229","-231.547832","162.429234","-2.72550255","-0.23944592","-0.07581816","0.16362776","-0.04906275","563.25783554","1070.228","6","-1.2348","-1.6636","26.213396","3.097144","42","9.180001000000001","2.548906","4.464101","2.932478","2.282543","1.56615","0.805105","110.039101","486.856232","248.029495","24.98045","0","118.75838226","1.26379287","732.6475759800001","2.19425523","137.43628103","34.32551492","29.22552138","0.66105769","7.77467389","1.23398941","126.7147218","-25.616777","-544.6399249999999","1003.838","43.749423","0.145364","41.435002","138.202304","-25.159299","0.223511","3.649869","264.87475","0.119914"
"molecule233","-157.655147","165.336928","-2.83729466","-0.2326182","-0.06339032999999999","0.16922786","-0.02027794","608.34227126","1084.68","4","-0.2451","0.057201","28.525999","3.827039","34","8.260001000000001","3.810965","4.201907","2.198585","2.3401","1.329042","0.744017","75.05864699999999","359.861023","212.920319","25.877228","-0.3125","120.15810993","1.09950961","829.02250445","2.72575299","244.78871617","39.56311787","26.76552672","0.66641337","9.314054390000001","1.69169911","125.05130573","90.565502","-269.998808","746.620033","33.11686","0.101204","68.35764899999999","155.964812","-16.127861","0.269548","3.48546","105.772937","0.676763"
"molecule234","-177.97524","253.150971","-4.70147947","-0.23255901","-0.07541137000000001","0.15714764","-0.01843956","846.78492967","1671.368","4","1.3986","1.6735","47.197514","6.357601","52","12.260001","4.14621","6.167432","3.421242","4.500766","2.464931","1.550477","134.605942","986.741577","488.256348","40.352123","0.987246","187.49374141","1.00388949","1861.456","3.43082123","631.94018749","55.45702623","37.36584167","0.6436837","12.19232558","1.81456809","198.63168403","245.498749","-335.547658","1576.013","50.889812","0.119021","143.891837","530.385311","-19.158862","0.163239","1.745896","93.209211","0.782002"
"molecule243","-250.749797","268.781159","-5.02623465","-0.22986597","-0.08535394","0.14451203","-0.02596214","842.54334778","1822.201","6","-0.3376","-0.547199","50.646919","6.262514","64","14.180001","3.066","7.084081","4.722755","4.647623","2.839275","1.872173","186.117294","1436.595","636.94751","45.540985","-1.581042","203.62384615","1.08150887","1899.395","3.18856934","323.67199257","58.69306439","44.17859974","0.69333333","9.99622097","1.53197229","220.60184011","207.062615","-472.669951","1832.986","56.813732","0.132874","135.677999","581.638012","-26.500963","0.138678","3.848844","148.170412","0.653464"
"molecule247","-242.934408","208.586314","-3.79940476","-0.20142681","-0.07426032","0.1271665","-0.04185667","701.66363757","1398.712","6","-2.5009","-2.7906","37.345604","4.946451","50","11.470001","3.17397","5.540111","3.912383","3.326307","2.357782","1.42053","134.605942","797.815796","396.697113","36","-0.760115","157.91330879","1.14085378","1532.569","2.68498618","200.90260549","48.8937047","27.88823507","0.6964165","10.06965788","1.76429896","168.67050941","63.384479","-548.311266","1333.731","53.715245","0.150659","74.858521","280.030757","-30.745903","0.104229","1.834202","254.194587","0.287044"
"molecule248","-241.293483","201.563863","-3.79973775","-0.20877452","0.008635469999999999","0.21740998","-0.05029883","671.97658669","1351.233","6","-1.2528","-2.5636","36.360802","2.666012","60","9.845034999999999","1.478124","5.547859","4.692094","3.52943","2.777234","1.928512","186.117294","992.97699","360.545227","36","-1.358865","152.98040055","1.17764103","1086.949","2.55230863","167.53596687","43.73835114","36.34725461","0.6584022","8.76833276","1.35584296","163.91351454","112.701618","-416.121711","1237.316","51.830838","0.15056","78.65416","282.698781","-23.808791","0.153275","3.720227","227.362005","0.33955"
"molecule251","-271.588542","215.868541","-4.0079402","-0.2016376","0.01188648","0.21352408","-0.03590078","700.7928094","1437.302","6","-2.1984","-2.9402","38.403603","5.305192","50","11.76","3.359629","5.540111","3.912383","3.481748","2.481029","1.512478","134.605942","797.815796","396.697113","37.888912","-1.451636","163.79239521","1.11221278","1337.903","2.67860516","185.54396919","47.64904667","32.25313472","0.7081117","9.275582500000001","1.4887647","176.44208781","102.529851","-531.467899","1488.601","61.1606","0.170567","82.66934500000001","343.201787","-29.928774","0.092208","3.802979","241.511289","0.326465"
"molecule252","-133.831245","204.664408","-4.12629077","-0.20068647","0.02693258","0.22761905","-0.02197045","710.15532602","1392.056","4","-0.554599","-0.590198","40.885818","2.31915","62","8.438791","1.28191","5.863704","4.551278","4.153152","3.144206","2.568045","186.117294","1202.903","379.794128","36.908463","1.233518","159.48958998","1.09220919","1209.772","2.92574327","209.26925989","47.37994865","30.6520816","0.64542484","10.75939301","1.62711975","168.26752302","231.666239","-157.919785","853.31205","30.985199","0.084242","110.246606","255.772126","-10.387064","0.09069000000000001","4.234192","50.440394","0.862863"
"molecule253","-144.529526","160.86117","-3.22930935","-0.20491983","0.02063249","0.22555232","-0.02864608","569.93205212","1085.636","4","-1.1112","-1.4072","31.383396","1.417148","54","6.543967","0.88142","4.787694","3.922431","3.381649","2.730593","2.001137","160","803.6769410000001","227.800461","29.709505","0.568241","124.99854853","1.16914955","659.09431527","2.3138612","105.35711281","36.99912739","27.36698581","0.70555556","8.221588909999999","1.40461746","130.5352497","154.039323","-172.276228","702.440005","33.946173","0.112282","68.98691700000001","160.284202","-13.260435","0.146423","6.946031","141.2281","0.532867"
"molecule257","-0.240816","144.031593","-2.83092534","-0.16745106","0.03991956","0.20737062","-0.01231731","503.7610452","943.8612107500001","2","-0.7125","-0.732","30.314199","2.165105","28","5.064509","1.899685","3.5","1.75","2.914214","1.853553","1.18566","53.302967","258.058624","95.560394","24.081432","5.930555","109.5659535","0.91419821","356.64911731","2.10306952","61.45645941","35.21600435","27.28309117","0.6882716","7.14381937","1.37845101","115.02038721","207.979198","-56.692324","464.165724","33.196521","0.120623","66.489227","112.14073","-3.541","0.141764","3.480712","63.683751","0.768599"
"molecule266","-107.248905","109.767128","-1.73009661","-0.22780349","-0.14094445","0.08685904","-0.01972459","419.16459985","690.91679328","3","0.3062","-0.3283","17.989698","1.472548","22","5.300001","2.3","2.642735","1.333333","1.381855","0.861339","0.301176","43.01955","105.898155","70.36869","15.709506","0","76.20741003000001","1.15555689","297.69225577","1.99137862","56.58864195","29.20028358","16.53738492","0.63636364","7.82307397","1.85774461","78.88560794999999","0.460714","-219.612653","440.082413","30.668661","0.127833","28.834125","52.893319","-13.698125","0.351505","9.066026000000001","166.346182","0.306636"
"molecule269","-65.668761","97.972897","-1.54636511","-0.23228311","-0.09001218","0.14227093","-0.01643131","384.10023704","614.09920794","2","0.709","0.4931","17.366499","1.456727","16","4.369999","3.369999","2.270056","0.816497","1.124654","0.542362","0.17462","24","56","48.486763","13.774438","0","67.76344834","1.0634494","210.56839018","1.86650778","39.03343705","27.60818256","13.94806135","0.75308642","7.13488069","2.09845793","69.09062914","2.59838","-160.018774","323.799636","28.207705","0.126504","25.149635","36.519784","-10.143313","0.432339","10.945479","137.998776","0.381115"
"molecule270","-182.029588","163.604953","-2.86732701","-0.22753005","-0.05788168","0.16964837","-0.02994995","589.16292821","1061.957","4","0.0203","0.097","28.137999","3.827039","34","8.260001000000001","7.260001","4.125897","1.562949","2.562569","1.64103","0.781284","75.05864699999999","357.352539","221.70105","25.877228","0.086574","118.5160991","1.11474304","1087.371","2.484768","204.40526598","40.81147553","23.32139462","0.67465505","10.11041804","1.88748469","124.3551529","40.928725","-398.653731","916.392257","46.177548","0.146634","56.031116","163.044945","-22.093301","0.209973","4.280802","206.977445","0.342757"
"molecule273","-112.826416","184.975755","-3.20259916","-0.2027729","-0.05698723","0.14578567","-0.03663552","632.24623123","1211.984","5","-0.7297","-1.2946","33.344395","3.78247","40","9.220001","4.798674","4.536581","2.33743","2.785148","1.9301","1.009343","98.10749800000001","482.654449","272.902435","34.854752","0.123148","133.83783109","1.09196328","968.92319536","2.52668647","240.3049993","42.59269271","28.13440074","0.65614276","9.3873163","1.56018285","143.79610172","90.61241","-401.751292","1105.937","52.945881","0.159772","69.92138799999999","233.355639","-21.395175","0.197399","4.11459","254.04373","0.233385"
"molecule280","-178.633854","218.325118","-3.73507052","-0.22418773","-0.02843821","0.19574952","-0.01034698","742.3664536","1405.377","3","1.6026","0.094403","42.220715","7.647353","36","10.310001","5.823983","4.846066","2.09077","4.630513","2.698741","2.110578","75.05864699999999","485.580933","272.402405","37.228382","1.933642","161.70848196","1.02750948","1221.611","3.2277592","262.29473946","52.69851141","38.38708345","0.69071429","9.980510900000001","1.82886864","170.15324953","301.030294","-126.17685","1026.027","49.522167","0.124049","139.774077","359.233355","-8.357428000000001","0.149683","0.998258","61.188144","0.846729"
"molecule282","-176.97831","232.005446","-4.23995888","-0.22491741","-0.052154","0.17276341","-0.02320014","822.14164225","1526.052","4","0.48","1.004399","42.27721","6.511032","46","11.260001","6.728331","5.701907","3.037694","3.8401","2.359372","1.467144","110.039101","789.65448","453.853485","36.908463","2.073944","170.31364394","1.02279531","2961.85","3.73346374","634.6288375399999","56.89750193","25.90701122","0.63285714","13.83230198","2.35252239","179.95239754","173.657997","-407.692742","1387.851","47.447539","0.11269","125.198042","412.690304","-22.512426","0.183964","1.942284","108.235509","0.742936"
"molecule285","-100.704092","181.268439","-3.32050965","-0.21357534","0.04188999","0.25546534","-0.01167372","632.46467684","1128.961","2","0.777301","0.839799","33.177998","6.8508","26","7.92","7.123252","3.914214","1.457107","3.100685","1.689533","0.877853","43.01955","253.280365","180.948425","27.294752","3.67282","130.50607494","0.90552105","1128.346","2.93898849","270.33682836","45.45111087","20.90785082","0.70707071","10.90305824","2.08745065","136.94017348","247.559427","-103.669887","757.436911","45.350631","0.133046","100.285837","222.845158","-9.671587000000001","0.162549","9.703009","69.588109","0.795847"
"molecule289","-196.093675","212.177724","-4.09009983","-0.2375757","-0.12292934","0.11464636","-0.0497862","766.39039409","1496.505","6","1.1418","0.7194","46.333202","3.052426","72","11.186276","2.317643","6.930428","4.651067","3.771227","2.675821","1.727336","226.477325","1697.053","637.514526","32.689793","0","167.66469588","1.25334074","2217.018","2.96271177","289.63058951","61.48799708","28.2932592","0.69307692","10.23340892","2.0662775","174.99529055","-82.275498","-804.492787","1323.669","43.265031","0.113355","57.137168","198.157411","-39.224138","0.189902","3.110989","291.85465","0.235335"
"molecule290","-97.64496200000001","206.291702","-3.77174117","-0.24131016","-0.16149784","0.07981232000000001","-0.04810934","742.35080595","1469.918","6","1.397","0.984","46.899506","2.999956","72","11.116687","2.100028","6.947265","4.546101","3.688234","2.567114","1.683434","226.477325","1703.665","593.533997","35.319145","0","163.7845257","1.28906558","1777.927","2.79214748","310.48423498","57.86946879","32.20574237","0.71607843","10.18554534","2.0810239","169.95689188","-112.854367","-693.449267","1063.231","32.708626","0.088225","47.804068","137.092505","-30.067896","0.23335","3.747197","262.538727","0.291851"
"molecule296","-144.495644","138.70469","-2.40427601","-0.22384278","-0.05374498","0.1700978","-0.02301203","495.43801883","878.79966089","3","-0.1291","-0.2508","23.463495","2.553017","26","6.590001","5.590001","3.125897","0.942809","2.025082","1.446884","0.470032","53.302967","171.149887","111.146782","21.848471","-0.166667","99.20467499","1.04939609","503.07974133","2.10549259","94.24353782","34.0767046","21.4557206","0.63912631","7.74938959","1.43545354","104.20192304","72.423079","-234.554006","636.205463","40.719933","0.147662","48.008799","110.761101","-15.387933","0.245546","5.598686","177.035292","0.358019"
"molecule297","-1.211857","119.174681","-2.17501406","-0.21178226","-0.05716975","0.15461251","-0.02063976","457.30284401","786.94318377","2","1.1489","0.9765","25.908701","1.042481","30","4.273666","0.977693","3.393847","1.893847","1.994088","1.187937","0.64928","64","258.011688","102.947044","19.800268","0","87.76889115","1.08353879","351.2807886","2.12519101","78.21842998","34.67602556","16.50951805","0.75132275","8.2113522","2.41507089","88.69718551","62.622134","-121.545529","322.987643","25.552652","0.100922","39.980837","51.003553","-8.129714999999999","0.368504","17.013962","90.685433","0.641832"
"molecule299","-68.828028","125.090251","-2.23747272","-0.21722885","-0.08265276000000001","0.13457609","-0.02058679","487.36770629","841.5056037000001","3","0.8729","0.855","23.088402","1.133971","36","5.054718","0.959826","3.80453","2.342639","2.072899","1.282454","0.731961","86.43856","362.124054","142.541885","18.655022","0","92.66589070000001","1.20954967","528.32514084","2.27885459","110.08771078","36.76869275","15.17158089","0.75710594","8.58048688","2.52364125","93.83667237","30.499055","-224.189818","507.264161","33.596577","0.127872","38.521669","74.373786","-13.139638","0.323769","8.662262","134.525423","0.487982"
"molecule300","-129.083699","258.609727","-4.5689766","-0.23072097","-0.14528871","0.08543226","-0.03472068","907.3461405","1785.901","7","1.3379","1.063501","50.135315","4.209293","80","13.166226","3.868708","7.896755","4.67153","4.484263","2.983904","1.570853","254.083847","2279.345","885.922546","45.501297","0","197.07064993","1.23392801","3125.816","3.44111292","912.62066614","60.36182862","37.20289018","0.71166253","12.89335921","2.11706279","207.21557132","17.135651","-851.633184","1769.943","38.644381","0.084928","107.423424","417.855633","-33.247365","0.161525","0.359367","213.873674","0.529976"
"molecule305","-45.705473","132.881488","-2.16789404","-0.22731672","-0.09312854","0.13418817","-0.02503985","523.47615312","944.1417377","3","1.2162","1.1857","29.5317","1.411589","36","5.466425","1.152767","3.80453","2.342639","2.952552","2.230148","1.589816","86.43856","362.124054","142.541885","21.40991","0","102.55602223","1.24951218","636.87914648","2.27792892","109.37334038","39.57288635","17.04478573","0.75452196","8.59919464","2.38866524","105.09569719","-25.307604","-231.105809","423.511155","24.263069","0.08764","34.819952","53.267562","-15.043626","0.420578","14.357795","153.235818","0.446504"
"molecule306","-13.736146","130.827447","-2.16184873","-0.19679526","-0.03749369","0.15930157","-0.0126296","506.24211984","907.85738546","2","0.7337","0.738","29.438999","1.439432","30","4.81015","1.01098","3.431852","2.052095","2.944602","2.269723","1.597087","64","257.395782","106.166328","20.986301","0.178241","99.31168031","1.14953245","507.97304556","2.26947534","139.43417683","35.80415318","18.58413237","0.69214876","8.63329933","2.03992735","102.34391974","68.36767","-127.603208","340.830087","27.192268","0.09991999999999999","46.333356","58.027895","-10.97863","0.267726","16.285565","98.478433","0.638135"
"molecule309","-84.34012199999999","172.557418","-3.11575075","-0.17318734","0.0257563","0.19894364","-0.02078499","594.97176094","1109.46","3","-0.6587","-0.729999","32.242901","3.773349","30","7.880001","4.88","3.663902","1.570697","2.601578","2.098641","0.786647","64","255.888199","158.458206","30.52331","0.369722","125.64688166","0.9484039399999999","712.8127559","2.53136814","166.48109416","39.67170011","25.10791343","0.72074074","8.81232505","1.51427608","133.63905837","184.672844","-144.459861","692.540689","40.736497","0.128561","79.459996","173.667768","-11.212871","0.165264","8.297748","110.402816","0.651578"
"molecule310","-72.463173","211.766497","-4.28152272","-0.22308943","-0.11837455","0.10471488","-0.02627699","747.86624183","1497.857","3","0.548","0.8475","49.508217","2.052856","72","8.898054999999999","1.237624","6.753219","5.198252","4.315267","3.031134","2.201792","226.477325","1696.502","533.868835","37.538433","-0.141056","166.89957715","1.14551516","1594.962","3.0317949","167.06956119","56.50127759","28.76050939","0.62181122","11.06055731","2.00959578","174.64618794","54.712907","-395.63174","925.791574","36.989207","0.09823900000000001","81.184597","199.616686","-21.291248","0.184155","6.952647","123.83729","0.671102"
"molecule314","-155.755563","216.598466","-3.77833038","-0.17107537","-0.05446781","0.11660756","-0.03025307","736.42852859","1459.238","5","-1.2087","-0.587398","43.846321","3.450361","56","9.914531","4.460909","5.578299","3.027331","5.439781","4.312128","2.467655","160","982.644775","413.431671","44.480915","2.983319","165.9330343","1.17657704","2077.02","2.84747863","297.5162563","51.16405999","28.58310952","0.69371069","10.55020304","1.78481202","176.02079793","97.410224","-310.002951","834.2684","38.443215","0.101341","90.427965","198.878224","-18.137247","0.174646","5.53956","162.131929","0.5726020000000001"
"molecule317","-102.655151","143.414917","-2.28556123","-0.22064614","-0.07804026","0.14260588","-0.01953679","547.7099511599999","993.44494482","3","1.0013","2.0255","28.004299","1.624245","36","5.751233","1.293795","3.80453","2.342639","3.079894","2.368361","1.709948","86.43856","362.124054","142.541885","26.496077","0","107.66743383","1.1884002","687.47944202","2.45611427","111.10097257","39.43981998","18.91767665","0.6931818199999999","8.626234419999999","2.02813856","110.94004269","27.822565","-240.726001","532.756812","34.034587","0.117802","45.754715","84.37169400000001","-16.314948","0.316757","10.994799","164.584224","0.430334"
"molecule323","-95.791168","166.281596","-2.9643261","-0.19570811","-0.04762005","0.14808806","-0.02258946","581.10516398","1059.958","3","-0.2417","-0.140501","30.058395","4.498732","28","7.590001","6.807866","3.770056","1.385028","2.689533","1.63952","0.844766","53.302967","253.699768","172.665009","29.047234","2.349815","119.79092479","0.97793717","866.98680394","2.47463213","168.03374175","40.88540195","22.00707612","0.66869301","9.314139129999999","1.69418511","126.16493913","136.516087","-232.384054","826.699558","46.545956","0.149271","69.90042","185.319992","-14.715579","0.221673","5.808654","176.062558","0.435373"
"molecule328","-24.99597","167.225948","-3.29751547","-0.23247201","-0.12211539","0.11035662","-0.02663448","636.69211616","1200.919","3","0.8848","1.0137","40.083809","1.25373","64","6.995498","0.79037","5.715215","4.88424","3.382812","2.467692","1.772622","199.421249","1207.285","346.288239","29.122341","0","132.38502391","1.23225416","1103.931","2.64691368","104.80715548","50.37832187","20.95250009","0.7593985","9.71601965","2.62584012","136.49210595","-31.838402","-346.511939","630.9358109999999","34.255402","0.105877","47.18864","92.022566","-18.333073","0.255013","7.646382","162.724998","0.497049"
"molecule332","-187.358309","166.723036","-2.82806654","-0.23364949","-0.15005987","0.08358962","-0.03008899","605.1969259","1096.556","5","0.09810000000000001","-0.483","28.882998","3.448996","40","8.930001000000001","4.528713","4.536581","2.33743","2.516693","1.622067","0.804464","98.10749800000001","482.654449","272.902435","25.270945","-0.865278","121.4593751","1.20285483","1313.001","2.60678001","115.94290882","44.36426525","22.00937649","0.60897436","10.20451613","1.92758681","127.13836711","-45.154151","-549.473074","964.193307","42.045475","0.130166","44.876414","133.960585","-29.328045","0.221065","5.877205","255.358356","0.209452"
"molecule338","-46.137493","290.228426","-5.70638892","-0.22105115","-0.05527002","0.16578113","-0.02807423","1008.232","2066.744","3","2.142","3.3816","66.906013","4.419572","84","13.69398","2.500927","8.578116","5.918102","5.352187","3.545564","2.320444","268.078186","2619.237","958.177063","55.332321","0.143549","229.02699176","1.08838698","2932.269","3.73678462","546.19299968","71.36861266","49.76987824","0.71177945","11.27181704","2.15581396","243.12899589","142.193833","-686.592636","1941.608","53.483703","0.110112","152.496285","609.588649","-30.595956","0.137414","3.246529","166.450523","0.657313"
"molecule343","-126.026872","294.276107","-5.37975842","-0.21826972","-0.13183343","0.08643628","-0.0884668","931.99910645","2147.634","3","-1.6473","-2.6529","41.663704","5.405462","44","10.84","4.314434","5.181981","2.56066","3.84458","2.961144","1.919504","110.039101","631.795105","324.043518","41.416428","2.034583","248.25748333","1.10899375","2926.382","2.95513161","359.31607622","64.7927675","47.96925314","0.63214286","11.03837184","1.40120399","263.8345858","188.953638","-249.302803","1198.483","58.058947","0.159698","100.433077","345.07801","-17.069011","0.106784","5.336274","169.463715","0.533869"
"molecule345","-48.628211","117.257267","-1.72283428","-0.23222193","-0.08934391999999999","0.14287801","-0.02847492","470.12637591","818.35256051","4","0.68","0.3581","25.7745","1.037216","32","4.673374","0.942205","3.287694","1.957003","2.706896","2.009205","1.285862","75.05864699999999","258.410522","101.107681","21.709505","0.346065","88.06275599","1.32998335","479.2599506","1.96704768","72.2063564","31.96249462","17.7286746","0.67599068","7.61120012","1.80461974","89.96153101","-59.018909","-265.222921","430.034853","27.855505","0.110217","24.478967","41.653411","-14.99547","0.357546","11.544329","200.394428","0.20709"
"molecule352","-29.347121","137.211605","-2.55871118","-0.20366576","-0.01498691","0.18867885","-0.0108254","507.78210731","883.23898076","2","0.7322","0.7671","27.0245","1.41588","30","4.78083","0.996093","3.431852","2.052095","2.593294","1.477474","0.950569","64","257.395782","106.166328","23.861034","2.603518","101.15098095","0.98004979","439.15764929","2.41930568","100.48637632","32.73392358","18.59661601","0.7479338800000001","8.72681225","2.06497971","104.69341557","189.619054","-75.14073500000001","467.105981","32.238949","0.115314","65.587703","109.583934","-5.325467","0.284594","6.670897","46.185923","0.8348"
"molecule356","-85.79461000000001","114.48708","-1.54964743","-0.24500081","0.0054281","0.2504289","-0.02959313","427.8580041","725.18907955","2","-1.2365","-0.2206","19.5844","0.961263","20","4.949999","0","2","0","3.44949","3.428869","0","43.01955","57.359402","37.467213","18.543972","0","79.69934259","1.1810386","211.28313481","1.89916433","52.62570638","23.40306151","20.69328743","0.62301587","7.11941508","1.35473162","84.32529863000001","40.253738","-85.513411","204.651135","20.047524","0.08176799999999999","34.989848","29.209525","-5.572382","0.204121","12.519796","87.00267599999999","0.64514"
"molecule359","-130.665771","183.840015","-3.31265294","-0.21610381","-0.04878284","0.16732098","-0.01620566","651.36247693","1184.326","3","0.1121","0.267701","32.874496","4.263605","34","8.59","5.461282","4.163902","1.655248","2.826472","1.875392","0.768523","75.05864699999999","359.201477","215.824158","28.954453","0.457917","133.71121071","0.9883913","966.09295539","2.85438626","274.21352363","44.94401159","27.28255141","0.65583554","10.21849012","1.77384145","139.61589937","194.946444","-169.36473","783.753201","34.405291","0.100211","92.403125","210.937853","-10.687917","0.252935","1.352694","68.87808699999999","0.799382"
"molecule360","-139.315229","190.698102","-3.4925401","-0.2062481","0.0345526","0.2408007","-0.020231","653.2486846100001","1235.282","3","-0.047","-0.273299","34.433498","4.667106","34","8.880000000000001","5.755778","4.163902","1.93374","3.070002","2.175546","0.879055","75.05864699999999","358.544708","218.198349","30.474293","0.300046","138.42399776","0.96930445","1022.188","2.75275333","240.98925649","45.14449153","26.88613565","0.71056548","9.44733665","1.68846609","148.86221245","208.969883","-179.080867","905.182196","46.249111","0.133748","95.91653700000001","251.080718","-14.496953","0.12278","7.058","121.249725","0.649357"
"molecule363","-56.073039","150.012995","-2.54638224","-0.24309056","-0.07523278999999999","0.16785776","-0.01976288","562.84642067","985.68418566","3","0.4032","0.4295","27.484198","3.812224","28","7.119999","4.12","3.80806","1.562949","2.334744","1.139912","0.52872","53.302967","255.093582","167.155228","25.342234","0.202731","108.46368138","1.04289285","725.95413187","2.50657341","155.75246835","37.05242051","22.03194973","0.6085192699999999","10.05408914","1.75136088","112.77588289","79.243696","-204.624311","554.545176","29.280045","0.096802","57.729934","105.84206","-12.023278","0.326443","3.739087","131.420439","0.565515"
"molecule366","41.641309","153.750874","-2.72769476","-0.2806788","-0.01463362","0.26604518","-0.02718829","560.97506185","1055.388","2","1.0916","1.0514","30.697601","5.21755","26","6.98","6.231256","3.914214","1.457107","2.65432","1.523335","0.82716","43.01955","253.280365","180.948425","22.490225","2.900278","114.50355146","0.94445977","571.18687629","2.16184099","118.18637867","35.99839076","27.40631938","0.67374005","7.78691116","1.38192241","120.6369702","80.44161","-169.008944","464.627634","28.372002","0.0961","55.455916","87.27652","-8.348667000000001","0.143474","0.174595","136.379055","0.538064"
"molecule368","17.628969","126.21301","-1.9666674","-0.19088266","-0.03965837","0.15122428","-0.0329881","485.57458095","826.35371685","3","-0.8486","-1.2644","24.273397","2.641379","24","5.92","2.729975","3.30806","1.478398","1.673513","0.902404","0.400602","43.01955","170.834625","118.701141","21.900135","-0.170139","89.83278900000001","1.10308274","495.63874365","2.16433107","113.5173238","33.30260779","18.77416791","0.70177384","8.027578009999999","1.89065523","93.33030309999999","26.378336","-203.880849","452.806738","31.374663","0.118288","38.674579","66.02524099999999","-10.65925","0.295747","4.620257","196.093439","0.260696"
"molecule369","104.253704","174.121111","-1.93898338","-0.23596166","-0.18747769","0.04848397","-0.04471307","616.62414247","1183.38","2","-0.7335","-0.917","14.9827","2.113125","10","3.45","4.672223","1.914214","0.5","0.985409","0.362238","0.09128699999999999","8","22.5","30.490225","12","0.125","127.91246125","1.20504287","918.98561108","2.48342909","98.99408484999999","41.02476114","26.00481924","0.63402778","9.426812809999999","1.58625598","134.91387883","43.696891","-67.223189","213.363605","29.094608","0.134946","27.952495","31.508052","-3.560687","0.266856","13.888228","95.257396","0.558178"
"molecule371","91.285246","134.789579","-2.11622952","-0.16629462","-0.09007279","0.07622183","-0.02219542","529.34703129","921.86178688","2","-2.4702","-1.8562","29.815399","1.963687","30","6.320001","1.551213","3.718744","2.259306","1.774564","1.050957","0.531074","64","257.075531","152.697037","19.01955","0","97.64177355","1.10714907","601.63313526","2.22634479","143.36298073","39.69076804","18.85643788","0.79710145","9.09052219","2.67366971","100.58572723","7.230455","-244.232806","501.630084","34.96717","0.12718","38.790397","70.769199","-12.353769","0.142787","4.527512","262.140633","0.046559"
"molecule377","-40.34027","154.118189","-3.02310721","-0.1855481","-0.05767302","0.12787508","-0.01390509","548.0856985","1021.521","2","0.318201","0.08450000000000001","32.463501","1.631888","36","5.761062","1.582506","3.787694","2.30453","2.9909","2.341951","1.544726","86.43856","362.694489","146.258469","27.1471","3.435185","117.04680169","0.96679274","545.01145862","2.26245961","118.65736914","39.41024703","24.72860033","0.64335664","8.605274079999999","1.66195153","122.21315999","166.933442","-111.499127","511.970295","29.552712","0.099926","68.417349","118.437273","-8.269892","0.205245","13.491503","60.782795","0.794476"
"molecule379","-75.285155","236.495454","-5.05709928","-0.1525541","0.04169056","0.19424466","-0.01012585","735.51809789","1625.945","2","0.6934","0.917803","51.824013","2.257642","64","10.003893","1.826868","5.255654","4.093545","4.676229","5.245957","3.286303","212.877121","996.509399","330.506256","41.007061","1.76375","190.7404393","0.8979951900000001","1085.548","2.71032153","162.24370173","50.93605614","43.10826339","0.64848485","8.94320632","1.36986842","202.45680291","266.176488","-164.414665","1152.614","41.745756","0.112086","118.924391","368.047206","-10.973314","0.105015","7.026203","72.769479","0.804615"
"molecule381","39.051873","139.543035","-2.49910079","-0.21322351","-0.10260532","0.11061819","-0.02529191","537.38608534","965.21070366","4","-0.3082","-0.7277","30.187698","1.505582","40","5.839702","1.297733","4.304531","2.592639","2.343819","1.43926","0.805794","98.10749800000001","487.523834","195.554443","25.3288","0","106.15000656","1.15982092","685.74194033","2.39191686","127.3941965","41.33965133","19.49262589","0.77033493","8.75425392","2.3357999","108.44543202","77.308666","-172.136923","472.668079","28.188905","0.099047","51.500459","85.531963","-12.935784","0.265053","12.409161","155.934022","0.452099"
"molecule383","51.03491","102.722533","-1.79075893","-0.20449625","-0.08651705","0.1179792","-0.01230482","404.98325891","681.95042886","2","-0.5772","-0.4712","21.744202","0.819105","24","3.27685","0.764605","3","1.5","1.699462","0.894427","0.477599","43.01955","172.156403","69.05864699999999","15.219281","0","74.9002721","1.06928849","205.04341875","1.88218558","30.16319497","29.13418155","14.8370582","0.7254902","6.63378443","1.95110921","75.64782298999999","125.450183","-32.24208","145.916488","15.078124","0.067089","39.35324","25.548123","-3.623175","0.152033","12.029501","49.64903","0.7790899999999999"
"molecule388","-36.583961","139.998187","-2.62856614","-0.22123157","-0.10660305","0.11462852","-0.0263407","535.09809403","965.00958694","3","0.4331","0.3092","30.6595","1.554694","40","5.908535","1.333055","4.304531","2.592639","2.438146","1.541041","0.927271","98.10749800000001","487.523834","195.554443","24.183554","0","107.1784367","1.14865453","702.92666344","2.30609224","124.30272236","41.18113885","18.51686399","0.7753530199999999","8.110519930000001","2.1859606","109.94155138","32.779887","-199.636027","451.573577","26.155297","0.092463","44.644539","71.26607799999999","-14.020304","0.383512","13.00406","129.832848","0.541019"
"molecule389","-37.499977","161.72992","-3.08331067","-0.21966598","-0.10571632","0.11394966","-0.01578665","612.36634027","1116.343","3","0.4648","0.5348000000000001","35.428604","2.121613","44","6.893894","1.626768","4.842535","3.098518","2.826911","1.72747","1.101418","110.039101","632.536377","257.278198","28.183899","0","124.61602036","1.10048449","998.48838461","2.82541054","216.70489444","47.22834444","18.72043075","0.69944341","9.7416176","2.31019339","127.66323431","115.649461","-171.937232","541.8779060000001","29.694618","0.093822","68.387271","117.085847","-10.453151","0.349512","3.313514","73.615351","0.767407"
"molecule392","-104.606661","259.821965","-4.93797405","-0.21086847","-0.07849222","0.13237626","-0.04317001","917.16679501","1869.536","4","2.3045","2.4486","62.978416","2.97388","88","11.78546","2.360391","7.998038","6.136108","6.314692","5.440922","4.07958","296.422852","2602.129","899.401306","44.143131","0","206.93242901","1.20941893","3249.835","3.5547107","323.77501597","46.68427323","36.72398513","0.75791855","12.89241311","1.91746388","215.5221838","6.648078","-619.378722","1257.791","45.587312","0.103645","98.191941","280.799493","-30.620546","0.11697","7.277485","204.570486","0.534899"
"molecule395","14.784571","134.787164","-2.05785964","-0.20888002","-0.08295639","0.12592362","-0.02772093","538.2145053199999","957.9708566100001","4","0.9643","1.2293","32.783802","1.362843","36","5.397741","1.374546","3.787694","2.198585","2.445455","1.61484","0.843632","86.43856","363.525726","140.748688","25.01955","0","102.24555647","1.25334542","710.5536375","2.30963354","225.30733962","38.36126472","20.16414082","0.6676328500000001","8.992086929999999","2.04095355","104.36424537","-7.092803","-230.210059","448.946091","26.787049","0.096523","37.524814","60.703892","-14.07877","0.279285","12.377477","170.913169","0.384144"
